0,1,2,3,4,5,6,7,8,9
하조대,기사문항,횡계,남삼척,면온,북강릉,북단양,서안동,마차진,손양
종속절,직유법,실수축,모아쓰기,조음점,전자구름,종결형,복합음,부표제어,
류드밀라,타티야나,예브게니,나탈리야,옐레나,이리나,루드밀라,바실리우,타티아나,
천수국,天竺,收藏,方笠,蘇塗,祖上,抱卵,四王天,六界,
난향동,서림동,고려승객,난곡동,광일운수,은천동,복지운수,행운동,갈현운수,상왕십리
부가물,향미료,경화유,경화제,산미료,식물유,소르빈산,카세인,,
딜리버리,마이컴,리얼타임,파밍,에이전트,잡지책,퍼펙트,에이아이,,
압구정역,청담역,역삼역,선릉역,논현역,,,,,
오궁도화,직사궁,귀곡사,매화육궁,유가무가,곡사궁,축머리,촉촉수,다드래기,쌍립
천아,大鹿,草地,沈水,黏,雲海,蟒,暗星,海濱,웅묘
내거,내건,국민복,단일제,맞선다는,내걸,욱일기,이끌려서,입헌제,한교조
탈곡,젓갈류,근채류,유자화채,복요리,생강즙,엿강정,인진쑥,잡곡밥,녹말가루
스펠만,그럽스,데판티,랭포드,페닝턴,제이비어,브래트,콜빈,밥슨,윌렛
펭귄과,무자치,토끼목,**†,,,,,,
개국공,우천석,수춘군,태자태보,영안군,능연각,좌명공신,왕우,여택,
쿠달,스테터,헌스,쿌드,닛맨의,융에,름에,느이,밀려나갔,
박기숙,이잎새,황채린,안복희,유혜진,신혜란,고주희,정진강,김조은,김찬주
가필드,피어스,머피,아담스,존슨,이웰,로버츠,뉴섬,제닝스,뷰캐넌
탐착,염착,貪愛,渴愛,탐애,執着,五欲,貪着,欲求,
행로,일생,지평선,발자취,속도,숨죽여,광적,만감,깎아내린,
외상값,가만있,빌려간,새우잠,조심조심,씨암탉,생일상,준다던,밥값,지겨워서
싸움소,노인장,하굣길,노가다,낚시인,손님맞이,밥상머리,수양부모,부서원,바다낚시
크랜즈,애슐린,앤드레,트리플혼,파틴킨,헤다야,라이얼,마네쉬,코신스,토브맨
안자,푸주,라쯔,사티야,토주,실다,추나라,나마니,顔子,아무루
한농,동부그룹,롯데우유,동부건설,동원산업,대한전선,희성금속,해태그룹,,
마차리역,주포역,석항역,산익,청골,약암,연당역,진죽,둔방,연하역
망주석,문인석,향로석,望柱,상석,무인석,계체석,혼유석,동자석,장명등
다채,로운,독특,다양,흥미,아기자기,어우러져,담아낼,로워서,
나승호,조지환,배용근,강왕수,민지오,임대일,배소연,권경하,신서현,김보리
연상녀,조소희,양춘희,오숙희,박윤후,애란,재은,바람나,김보옥,안미정
도아,간다쓰,안젠,유비소,가미모쿠,이보우,구누,기키쓰,,
복류,사철쑥,죽순대,들새,퉁퉁마디,돌마자,학꽁치,물참나무,팔손이,홋키조개
송미경,이요섭,서유선,장태식,서명희,유현주,이종재,임선희,지병현,장현희
무니치,말리아나,포르타,콰르티,손드리오,라티나,피아차,,,
마천면,진교면,합천리,다대리,송진리,부곡면,야천리,휴천면,추성리,북평리
왕대인,을제,기탁성,조정좌평,왕염,복혜,술탈,무승사,연태조,충손
재투자,이익금,대부금,소액결제,광고비,토빈세,선물환,중개료,투자,운송료
서정성,색채감,향토색,호소력,낭만성,감성,작풍,생명감,구성지,묘사력
탐식성,걷어찰,개물,저능,흐려질,까다로울,석질운석,우툴두툴,숨관,만짐
히젠,부젠,빈고,지쿠젠,히고,고즈케,시모쓰케,엣추,무쓰,가즈사
브록맨,오테리,벌머,브로워,스미티,코완,애버트,고비아,바쉐,
치덕,태열,경윤,윤욱,윤배,안형식,유춘,이돈영,이지완,최명원
폐구,형양,平關,장액,철롱,垓下,적미,祁山,유벽,척구
박원숙,오미연,나영희,정영숙,정혜선,백일섭,선우용녀,윤미라,홍요섭,김용림
봉신,封臣,封神,왕국,지배자,연의,두령,군주,일족,
미켈리,요엔수,코우볼라,이절론,킨기세프,콧카,지토미르,스웁스크,,
학정금대,鶴頂,腹甲,목리문,삽금대,상아홀,복갑,삼회장,쌍학흉배,胡粉
내구연한,폐차,영업용,조기대,동차형,차적,징수액,재고량,유찰,난방차
마타람,비자푸르,파타니,란나,테르나테,씨앙쿠앙,칼링가,시스탄,,
우토로,관광협회,도바루,환경성,도와다,요육,고베항,오아사,,
고유제,春享,告由,의암별제,석전제,釋奠,선농제,茶禮,석전대제,기원제
산비탈레,보드베,파올리나,코르토나,미켈로초,팔라티노,주보성인,삽바스,,
컴패션,자선단체,JAMS,IFES,SFI,,,,,
어현,막현,郟,척구,淮陰,圉,陽夏,鄨,옹노,弋
대기층,구름층,가스층,복사층,레골리스,열권,암권,스피큘,투과력,천이영역
구학,교영,배춘,등암,황평,율치,덕상,두학,월학,권혜
레딘,아비탈,이갈,타릭,카셈,라왈,코르키,일랴,사푸트라,파예
당한다고,자살행위,배신행위,이실직고,당할지,견뎌야,처절히,빠진다고,가차없이,
미사일,탄도,핵미사일,IRBM,ICBM,유도탄,SLBM,지대지,스커드,대함
대건황,대이진,대현석,질지왕,康宗,취희왕,마품왕,거질미왕,褆,契王
굴토끼,갈기늑대,북방물개,들꿩,,,,,,
신명,덕명,창명,창일,神明,명덕,선목,성덕,덕성,예화
선우혜경,양병집,임종임,윤향기,권성희,양하영,반가희,고병희,백영규,유익종
비탁음,관용음,종결형,단음절,다음절어,폐음절,반탁음,방언음,사이시옷,행음
핸론,버차드,뎀프세이,맥클로리,백슬리,에스트린,콜리코스,칼렘버,사이퍼스,
카센터,장순복,엄옥란,류성현,공유석,우혜진,민우기,김미야,홍현철,한근섭
화타,낙통,하후은,하후덕,범증,妻子,우번,성공영,악침,요립
설강,鳥獸,자엽,봉황루,솔잎,홍송,금난초,철상,경린,
김인성,김근환,최규백,이광선,정원진,김문환,박호진,송호영,한승규,조호연
파파베린,테바인,아민류,VRSA,세팔렉신,페니토인,,,,
병풍,책거리,인물도,산수화,곡병,서화첩,동궐도,백의관음,괘불,강세황
오버코트,롱부츠,페티코트,멜빵바지,오버롤,장도칼,네글리제,마샹,버릴라,
이염,연려,임원후,공예태후,成善,울화병,기위,몽정,無欲,완천
보낸,보냈으며,보냈,보내,갔다온,다녀온,유년기,돌려보낸,떠난,지켜본
나시옹,Gare,Ivry,,,,,,,
로젠스톡,슬래트킨,오퍼가드,칸시노,카우언,윌러엄,윌버그,제렛,맘슨,크레스톤
위용,위엄,면모,용병술,유감없이,견실,뛰어난,묘사력,저력,기백
신곡동,동패동,낙양동,금오동,장암동,노온사동,지행동,하대원,북변동,다율동
마크,러펄로,캐리스,릭키,스콧,젠슨,티렐리,도링,게리,트럭스
웰터,PWA,wXw,ECWA,WCWA,JAPW,RPW,MCW,NCW,IWR
청색,황색,백색,푸른색,흑색,붉은색,노란색,적색,주황색,연청색
송천,당북,원황,덕암,요촌동,은곡,죽곡,묵방,벽송,담산
박준식,이영빈,김벌래,송규환,채윤석,홍승철,한달호,김진문,김희재,김곡
탐낸,잡아간,쳐죽이,쳐죽여,탐해,깔아뭉개,구슬려,죽임당한,잡아들,비토로
은세계,파업전야,남동철,밤나비,가시내,껄떡쇠,보이첵,혈지,아스라이,
장혜정,오지선,최주영,최숙영,임혜림,한상우,한명철,송태윤,송준영,변은정
니코폴,빈코브치,핀스크,체르카시,크루셰보,레그니차,호틴,,,
항케,쇠르너,자술리치,쿠투조프,하르멜,쿨리크,만스펠트,야고다,,
초빙사,원예사,베르비에,므기모,마우이섬,자를루이,,,,
적대하,이으려고,우지치,쫒아냈,세르잔,스모시,싸웠었,렝가르를,페위,
하회탈,강령탈춤,봉산탈춤,배뱅이굿,차전놀이,발탈,풍물놀이,옥기,,
가야베,가와누마,시카베,구메난,이마카네,나카타도,앗사부,후루우,도요코로,비라토리
양소,허연수,공광,설후,알필륭,이중무,우문화급,염우,당고조,육양
맥니콜,탭스콧,브림리,벨필드,바나타인,패스모어,애트웰,대번포트,아파크,밍게
구암역,중구청역,현충원역,남양산역,지족역,노은역,판암역,,,
좌승조,화흡,필심,백료,장자겸,글염,중항언,공손독,두습,이선장
시패,혼쭐,쥬더,달려든,가리마,꼬드김,들이댄다,종종걸음,,
선봉장,초유사,백광언,선봉,조방장,소모관,관군,접반사,별군,근왕
이우식,노기주,박차석,조인환,민건식,김응준,홍병기,성낙영,오완수,유두환
아라미드,화학제품,페로니켈,바스프,압연기,단조품,기계가공,합성염료,,
준주,누나부트,배핀,킹윌리엄,퀸모드,,,,,
보루트,파호르,라디초바,오킬로프,키크웨테,안시프,자그데오,오킬,نجيب,들라미니
뼛가루,절여진,알껍데기,목욕물,핏물,부숴서,창턱,살덩이,질퍽거리,물이
창당,탈당,입당,사회당,합당,혁신당,정의당,진보당,독립노동,
도식,圖式,반쌍,개복소,극형식,전개식,선형,귀식,쌍선,겹선
텐데요,부를지,깎아내릴,필설,밑밥,으리요,걸어올,백날,어려워야,
초일,사용대차,정기행위,본형,할부금,저당물,하수급인,이자부,격지자,
버저드,쿠버페디,헨던,위조물,니피곤호,파밍턴,,,,
정명제,윤영실,홍연희,절봉,양순자,문성호,문혜숙,연태수,종가흔,마희정
김기동,신홍기,김도근,이따마르,장윤호,문상윤,전재호,박진섭,송주석,이병근
묵암,박지화,이관준,임헌회,이지번,백운거사,김흥락,寒暄堂,양응정,유치명
